{
  "project_info": {
    "project_number": "806746056322",
    "project_id": "lightspeed-05m4rl4bs06",
    "storage_bucket": "lightspeed-05m4rl4bs06.firebasestorage.app"
  },
  "client": [
    {
      "client_info": {
        "mobilesdk_app_id": "1:806746056322:android:01cab5e87f086d8d27769b",
        "android_client_info": {
          "package_name": "com.marlabs.lightspeed.reactiongame"
        }
      },
      "oauth_client": [],
      "api_key": [
        {
          "current_key": "AIzaSyCyjsbbG2wDds_sXm0yQswC4oBbTkykEsM"
        }
      ],
      "services": {
        "appinvite_service": {
          "other_platform_oauth_client": []
        }
      }
    }
  ],
  "configuration_version": "1"
}